{
  "$schema": "http://json-schema.org/draft-07/schema#",
  "type": "object",
  "required": [
    "region","secret_key","secret_id","topic_id"
  ],
  "properties": {
    "region": {
      "title": "Region",
      "description": "Region",
      "type": "string"
    },
    "secret_id": {
      "title": "Secret Id",
      "description": "Secret Id",
      "type": "string"
    },
    "secret_key": {
      "title": "Secret Key",
      "description": "Secret Key",
      "type": "string"
    },
    "topic_id": {
      "title": "Topic Id",
      "description": "Topic Id",
      "type": "string"
    }
  }
}